{
    "dataRoles": [
        {
            "displayName": "Category",
            "name": "category",
            "kind": "Grouping"
        },
        {
            "displayName": "Values",
            "name": "value",
            "kind": "Measure"
        }
    ],
    "objects": {
        "dataPoint": {
            "displayName": "Bar Settings",
            "properties": {
                "defaultColor": {
                    "displayName": "Default Bar color",
                    "type": {
                        "fill": {
                            "solid": {
                                "color": true
                            }
                        }
                    }
                },
                "showAllDataPoints": {
                    "displayName": "Show Label",
                    "type": {
                        "bool": true
                    }
                },   
                 "fontSize": {
                    "displayName": "Text Size",
                    "type": {
                        "formatting": {
                            "fontSize": true
                        }
                    }
                }
            }
        }
    },
    "dataViewMappings": [
        {
            "conditions": [
                {
                    "category" : { "max": 1},
                    "value": { "max": 1 }
                }
            ],
            "categorical": {
                "categories": {
                    "for": {
                        "in": "category"
                    },
                    "dataReductionAlgorithm": {
                        "top": {}
                    }
                },
                "values": {
                    "select": [
                        {
                            "bind": {
                                "to": "value"
                            }
                        }
                    ]
                }
            }
        }
    ]
}
