{
    "visual": {
        "name": "Barchart",
        "displayName": "Barchart",
        "guid": "barchart9DFEDFBA0EA04A028E72EA920E411190",
        "visualClassName": "Visual",
        "version": "1.0.0",
        "description": "This is my customer bar chart",
        "supportUrl": "https://www.impetus.com",
        "gitHubUrl": ""
    },
    "apiVersion": "2.6.0",
    "author": {
        "name": "Pankaj Birle",
        "email": "pankaj.birle@impetus.com"
    },
    "assets": {
        "icon": "assets/icon.png"
    },
    "externalJS": null,
    "style": "style/visual.less",
    "capabilities": "capabilities.json",
    "dependencies": null,
    "stringResources": []
}